"Comparison","Z","P.unadj","P.adj"
"IUI_N - IUI_S",3.99526744365547,6.46212626832894e-05,9.69318940249341e-05
"IUI_N - JG",-0.092015243588739,0.926685928340751,0.926685928340751
"IUI_S - JG",-4.06810666434445,4.73966855122796e-05,0.000142190056536839
