"SITE","n","median_cover","Q1","Q3"
"IUI_N",153,0.390625,0.28125,0.515625
"IUI_S",161,0.296875,0.203125,0.4375
"JG",150,0.390625,0.28125,0.53125
